1,w#c#p#t#q#,2016-01-02
2,k#a#o#,2016-01-03
3,n#r#s#v#,2016-01-04
4,h#r#,2016-01-05
5,s#,2016-01-06
6,c#n#c#w#u#,2016-01-07
7,s#s#s#,2016-01-08
8,u#d#p#g#,2016-01-09
9,s#g#,2016-01-10
10,h#,2016-01-11
11,j#r#c#d#j#,2016-01-12
12,v#g#x#,2016-01-13
13,r#u#u#o#,2016-01-14
14,q#m#,2016-01-15
15,w#,2016-01-16
16,u#w#i#r#h#,2016-01-17
17,j#d#m#,2016-01-18
18,p#h#o#w#,2016-01-19
19,v#a#,2016-01-20
20,z#,2016-01-21
21,t#t#w#z#m#,2016-01-22
22,e#u#l#,2016-01-23
23,m#b#j#j#,2016-01-24
24,o#s#,2016-01-25
25,f#,2016-01-26
26,v#f#g#y#i#,2016-01-27
27,d#t#b#,2016-01-28
28,q#j#k#r#,2016-01-29
29,p#b#,2016-01-30
30,p#,2016-01-31
31,b#s#l#j#o#,2016-02-01
32,e#x#c#,2016-02-02
33,p#i#b#j#,2016-02-03
34,w#i#,2016-02-04
35,w#,2016-02-05
36,y#j#l#b#o#,2016-02-06
37,x#t#h#,2016-02-07
38,j#z#z#r#,2016-02-08
39,u#s#,2016-02-09
40,r#,2016-02-10
41,l#c#s#k#a#,2016-02-11
42,t#y#t#,2016-02-12
43,t#k#p#a#,2016-02-13
44,o#e#,2016-02-14
45,p#,2016-02-15
46,c#q#i#g#j#,2016-02-16
47,a#r#n#,2016-02-17
48,l#l#w#s#,2016-02-18
49,b#u#,2016-02-19
50,j#,2016-02-20
51,q#y#d#z#e#,2016-02-21
52,p#g#l#,2016-02-22
53,k#o#j#s#,2016-02-23
54,u#o#,2016-02-24
55,e#,2016-02-25
56,l#r#j#m#k#,2016-02-26
57,m#b#f#,2016-02-27
58,w#g#x#b#,2016-02-28
59,j#d#,2016-02-29
60,x#,2016-03-01
61,k#r#q#h#s#,2016-03-02
62,q#g#m#,2016-03-03
63,o#q#y#p#,2016-03-04
64,h#b#,2016-03-05
65,t#,2016-03-06
66,t#e#k#v#i#,2016-03-07
67,a#a#r#,2016-03-08
68,s#t#p#x#,2016-03-09
69,f#k#,2016-03-10
70,s#,2016-03-11
71,i#a#u#c#h#,2016-03-12
72,c#f#u#,2016-03-13
73,t#x#d#n#,2016-03-14
74,s#m#,2016-03-15
75,b#,2016-03-16
76,x#l#p#y#z#,2016-03-17
77,h#q#x#,2016-03-18
78,j#d#c#e#,2016-03-19
79,e#e#,2016-03-20
80,k#,2016-03-21
81,n#v#d#v#d#,2016-03-22
82,d#e#j#,2016-03-23
83,h#c#y#c#,2016-03-24
84,j#x#,2016-03-25
85,x#,2016-03-26
86,e#k#b#q#a#,2016-03-27
87,v#v#d#,2016-03-28
88,m#m#z#q#,2016-03-29
89,x#y#,2016-03-30
90,s#,2016-03-31
91,k#v#k#p#g#,2016-04-01
92,j#u#j#,2016-04-02
93,c#e#l#s#,2016-04-03
94,a#o#,2016-04-04
95,n#,2016-04-05
96,m#k#w#t#y#,2016-04-06
97,c#v#c#,2016-04-07
98,c#z#i#s#,2016-04-08
99,l#h#,2016-04-09
100,a#,2016-04-10
101,p#b#r#l#e#,2016-04-11
102,q#p#p#,2016-04-12
103,k#k#j#s#,2016-04-13
104,s#w#,2016-04-14
105,i#,2016-04-15
106,o#u#x#q#u#,2016-04-16
107,v#b#n#,2016-04-17
108,y#b#d#n#,2016-04-18
109,i#a#,2016-04-19
110,i#,2016-04-20
111,w#w#x#m#c#,2016-04-21
112,x#u#w#,2016-04-22
113,s#c#k#e#,2016-04-23
114,v#m#,2016-04-24
115,b#,2016-04-25
116,j#p#b#i#o#,2016-04-26
117,m#m#f#,2016-04-27
118,l#h#u#r#,2016-04-28
119,t#e#,2016-04-29
120,t#,2016-04-30
121,y#r#b#s#f#,2016-05-01
122,u#i#n#,2016-05-02
123,c#e#s#m#,2016-05-03
124,r#p#,2016-05-04
125,x#,2016-05-05
126,w#s#e#j#a#,2016-05-06
127,a#e#c#,2016-05-07
128,j#q#t#b#,2016-05-08
129,t#n#,2016-05-09
130,e#,2016-05-10
131,w#h#x#e#u#,2016-05-11
132,x#j#a#,2016-05-12
133,m#f#g#l#,2016-05-13
134,x#l#,2016-05-14
135,l#,2016-05-15
136,h#a#a#w#o#,2016-05-16
137,o#w#x#,2016-05-17
138,v#c#v#d#,2016-05-18
139,s#s#,2016-05-19
140,z#,2016-05-20
141,p#d#x#b#s#,2016-05-21
142,v#x#i#,2016-05-22
143,n#v#r#f#,2016-05-23
144,w#r#,2016-05-24
145,x#,2016-05-25
146,f#g#o#c#o#,2016-05-26
147,p#c#y#,2016-05-27
148,r#o#r#f#,2016-05-28
149,o#v#,2016-05-29
150,m#,2016-05-30
151,t#k#y#l#x#,2016-05-31
152,k#v#n#,2016-06-01
153,k#q#x#x#,2016-06-02
154,d#z#,2016-06-03
155,i#,2016-06-04
156,s#g#d#n#g#,2016-06-05
157,a#z#p#,2016-06-06
158,h#k#k#p#,2016-06-07
159,y#x#,2016-06-08
160,z#,2016-06-09
161,h#i#s#d#k#,2016-06-10
162,u#w#p#,2016-06-11
163,b#u#m#x#,2016-06-12
164,l#l#,2016-06-13
165,x#,2016-06-14
166,g#u#p#p#f#,2016-06-15
167,g#s#p#,2016-06-16
168,d#l#l#s#,2016-06-17
169,u#i#,2016-06-18
170,k#,2016-06-19
171,b#g#u#d#d#,2016-06-20
172,r#r#j#,2016-06-21
173,w#g#z#f#,2016-06-22
174,c#y#,2016-06-23
175,p#,2016-06-24
176,d#d#z#q#b#,2016-06-25
177,k#a#c#,2016-06-26
178,s#j#o#m#,2016-06-27
179,x#d#,2016-06-28
180,m#,2016-06-29
181,s#p#d#l#k#,2016-06-30
182,i#r#t#,2016-07-01
183,e#w#l#r#,2016-07-02
184,v#z#,2016-07-03
185,y#,2016-07-04
186,d#t#l#p#g#,2016-07-05
187,o#o#o#,2016-07-06
188,w#c#u#r#,2016-07-07
189,y#s#,2016-07-08
190,p#,2016-07-09
191,y#m#q#n#s#,2016-07-10
192,w#e#s#,2016-07-11
193,i#u#y#e#,2016-07-12
194,w#i#,2016-07-13
195,g#,2016-07-14
196,o#g#f#c#e#,2016-07-15
197,z#e#w#,2016-07-16
198,k#g#z#a#,2016-07-17
199,g#j#,2016-07-18
200,g#,2016-07-19
201,j#l#f#g#o#,2016-07-20
202,s#j#q#,2016-07-21
203,q#u#u#x#,2016-07-22
204,e#d#,2016-07-23
205,k#,2016-07-24
206,r#i#t#m#d#,2016-07-25
207,d#a#c#,2016-07-26
208,i#x#t#o#,2016-07-27
209,q#w#,2016-07-28
210,i#,2016-07-29
211,f#t#z#d#c#,2016-07-30
212,t#h#v#,2016-07-31
213,a#z#f#l#,2016-08-01
214,h#s#,2016-08-02
215,t#,2016-08-03
216,c#d#j#l#t#,2016-08-04
217,o#h#q#,2016-08-05
218,a#j#v#i#,2016-08-06
219,a#t#,2016-08-07
220,j#,2016-08-08
221,x#j#x#m#h#,2016-08-09
222,j#f#q#,2016-08-10
223,p#i#b#b#,2016-08-11
224,p#w#,2016-08-12
225,o#,2016-08-13
226,q#w#b#n#e#,2016-08-14
227,c#g#u#,2016-08-15
228,f#j#r#s#,2016-08-16
229,n#d#,2016-08-17
230,i#,2016-08-18
231,z#k#u#n#o#,2016-08-19
232,u#s#y#,2016-08-20
233,y#u#c#y#,2016-08-21
234,h#s#,2016-08-22
235,w#,2016-08-23
236,q#w#h#w#n#,2016-08-24
237,l#j#o#,2016-08-25
238,b#y#x#a#,2016-08-26
239,p#k#,2016-08-27
240,i#,2016-08-28
241,n#x#c#x#t#,2016-08-29
242,p#x#l#,2016-08-30
243,s#t#s#a#,2016-08-31
244,w#l#,2016-09-01
245,i#,2016-09-02
246,t#v#j#m#d#,2016-09-03
247,w#l#v#,2016-09-04
248,o#q#x#x#,2016-09-05
249,s#v#,2016-09-06
250,x#,2016-09-07
251,v#f#b#f#b#,2016-09-08
252,p#m#m#,2016-09-09
253,d#v#o#w#,2016-09-10
254,t#m#,2016-09-11
255,i#,2016-09-12
256,t#t#q#s#r#,2016-09-13
257,u#u#b#,2016-09-14
258,y#n#x#s#,2016-09-15
259,x#m#,2016-09-16
260,g#,2016-09-17
261,t#m#f#e#l#,2016-09-18
262,y#w#f#,2016-09-19
263,x#i#j#v#,2016-09-20
264,c#g#,2016-09-21
265,n#,2016-09-22
266,z#b#i#h#c#,2016-09-23
267,r#m#l#,2016-09-24
268,k#o#d#f#,2016-09-25
269,g#w#,2016-09-26
270,u#,2016-09-27
271,r#z#y#k#j#,2016-09-28
272,v#c#g#,2016-09-29
273,v#m#t#m#,2016-09-30
274,i#b#,2016-10-01
275,u#,2016-10-02
276,k#j#t#p#r#,2016-10-03
277,m#i#y#,2016-10-04
278,a#f#z#n#,2016-10-05
279,w#f#,2016-10-06
280,t#,2016-10-07
281,d#x#g#h#s#,2016-10-08
282,s#i#u#,2016-10-09
283,a#g#z#r#,2016-10-10
284,e#p#,2016-10-11
285,g#,2016-10-12
286,y#j#u#y#v#,2016-10-13
287,c#x#h#,2016-10-14
288,u#j#a#a#,2016-10-15
289,f#b#,2016-10-16
290,l#,2016-10-17
291,b#s#v#z#w#,2016-10-18
292,p#f#t#,2016-10-19
293,d#e#o#r#,2016-10-20
294,l#p#,2016-10-21
295,m#,2016-10-22
296,b#q#d#c#h#,2016-10-23
297,z#b#r#,2016-10-24
298,p#z#f#k#,2016-10-25
299,u#a#,2016-10-26
300,r#,2016-10-27
301,m#f#e#m#x#,2016-10-28
302,x#t#y#,2016-10-29
303,p#b#y#n#,2016-10-30
304,p#z#,2016-10-31
305,i#,2016-11-01
306,o#e#o#p#d#,2016-11-02
307,s#j#b#,2016-11-03
308,s#v#n#x#,2016-11-04
309,z#z#,2016-11-05
310,f#,2016-11-06
311,l#x#t#y#q#,2016-11-07
312,b#n#q#,2016-11-08
313,j#r#j#x#,2016-11-09
314,v#n#,2016-11-10
315,w#,2016-11-11
316,j#t#z#v#d#,2016-11-12
317,d#w#z#,2016-11-13
318,g#g#a#p#,2016-11-14
319,r#t#,2016-11-15
320,x#,2016-11-16
321,s#y#c#c#u#,2016-11-17
322,i#m#n#,2016-11-18
323,p#j#i#k#,2016-11-19
324,y#x#,2016-11-20
325,x#,2016-11-21
326,m#l#v#t#t#,2016-11-22
327,g#t#e#,2016-11-23
328,u#i#k#p#,2016-11-24
329,q#d#,2016-11-25
330,u#,2016-11-26
331,t#g#v#o#u#,2016-11-27
332,g#j#i#,2016-11-28
333,y#o#c#k#,2016-11-29
334,o#j#,2016-11-30
335,i#,2016-12-01
336,q#x#l#q#i#,2016-12-02
337,f#i#w#,2016-12-03
338,v#g#z#c#,2016-12-04
339,p#b#,2016-12-05
340,w#,2016-12-06
341,a#t#b#w#s#,2016-12-07
342,f#u#e#,2016-12-08
343,k#v#j#y#,2016-12-09
344,f#x#,2016-12-10
345,r#,2016-12-11
346,t#u#o#w#g#,2016-12-12
347,j#v#b#,2016-12-13
348,k#a#m#v#,2016-12-14
349,q#v#,2016-12-15
350,n#,2016-12-16
351,b#s#z#t#y#,2016-12-17
352,a#a#m#,2016-12-18
353,e#e#u#d#,2016-12-19
354,w#b#,2016-12-20
355,s#,2016-12-21
356,y#z#j#n#b#,2016-12-22
357,i#j#e#,2016-12-23
358,p#n#l#m#,2016-12-24
359,b#g#,2016-12-25
360,v#,2016-12-26
361,g#s#j#b#q#,2016-12-27
362,s#h#j#,2016-12-28
363,k#e#x#i#,2016-12-29
364,q#j#,2016-12-30
365,z#,2016-12-31
366,d#r#p#i#s#,2017-01-01
367,a#x#r#,2017-01-02
368,u#m#m#t#,2017-01-03
369,b#v#,2017-01-04
370,r#,2017-01-05
371,s#o#v#z#f#,2017-01-06
372,z#v#s#,2017-01-07
373,y#x#a#d#,2017-01-08
374,p#l#,2017-01-09
375,j#,2017-01-10
376,q#n#z#w#r#,2017-01-11
377,m#v#m#,2017-01-12
378,s#d#q#s#,2017-01-13
379,i#q#,2017-01-14
380,k#,2017-01-15
381,j#w#s#d#i#,2017-01-16
382,q#z#c#,2017-01-17
383,k#t#a#n#,2017-01-18
384,m#z#,2017-01-19
385,y#,2017-01-20
386,l#m#j#q#n#,2017-01-21
387,i#s#j#,2017-01-22
388,q#s#s#z#,2017-01-23
389,d#r#,2017-01-24
390,a#,2017-01-25
391,o#b#l#i#j#,2017-01-26
392,d#h#i#,2017-01-27
393,u#s#s#k#,2017-01-28
394,a#n#,2017-01-29
395,u#,2017-01-30
396,m#a#d#n#p#,2017-01-31
397,w#w#d#,2017-02-01
398,u#p#b#o#,2017-02-02
399,p#j#,2017-02-03
400,m#,2017-02-04
401,g#g#t#i#w#,2017-02-05
402,m#c#k#,2017-02-06
